{
  "Structural": {
    "ExceptionHandler": {
      "ErrorInfo": [
        5,
        5,
        0
      ],
      "ExceptionControllerAdvice": [
        9,
        9,
        0
      ]
    },
    "Entity": {
      "Participant": [
        19,
        19,
        0
      ],
      "Event": [
        14,
        14,
        0
      ]
    },
    "Repository": {
      "ParticipantRepository": [
        1,
        1,
        0
      ],
      "EventRepository": [
        1,
        1,
        0
      ]
    },
    "LoggingAspect": {
      "LoggingAspect": [
        4,
        4,
        0
      ]
    },
    "JUnit": {
      "EventRegistrationApplicationTests": [
        7,
        7,
        0
      ]
    },
    "Service": {
      "EventServiceImpl": [
        7,
        7,
        0
      ]
    },
    "API": {
      "EventAPI": [
        14,
        14,
        0
      ]
    },
    "DTO": {
      "EventDTO": [
        11,
        11,
        0
      ],
      "ParticipantDTO": [
        18,
        18,
        0
      ]
    },
    "Exception": {
      "EventRegistrationException": [
        2,
        2,
        0
      ]
    }
  }
}